City_ID,City,Country,Date,Lat,Lng,Max Temp,Humidity,Cloudiness,Wind Speed,Current Description
0,Hilo,US,2021-02-15 02:56:52,19.7297,-155.09,80.6,69,20,14.97,few clouds
1,Raudeberg,NO,2021-02-15 02:56:52,61.9875,5.1352,41.0,57,100,24.0,light rain
2,Ushuaia,AR,2021-02-15 02:56:52,-54.8,-68.3,48.2,66,75,5.88,broken clouds
3,Mataura,NZ,2021-02-15 02:56:52,-46.1927,168.8643,59.0,70,96,14.0,overcast clouds
4,Maniitsoq,GL,2021-02-15 02:56:53,65.4167,-52.9,4.08,88,77,12.33,broken clouds
5,Lebu,CL,2021-02-15 02:56:53,-37.6167,-73.65,57.6,80,0,19.06,clear sky
6,Valdivia,CL,2021-02-15 02:56:53,-39.8142,-73.2459,55.4,71,0,3.44,clear sky
7,Harper,LR,2021-02-15 02:56:53,4.375,-7.7169,78.19,89,79,5.88,broken clouds
8,Asau,RO,2021-02-15 02:56:53,46.4333,26.4,26.6,80,90,4.61,overcast clouds
9,Sitka,US,2021-02-15 02:56:53,57.0531,-135.33,33.8,51,90,10.36,overcast clouds
10,Port Blair,IN,2021-02-15 02:56:54,11.6667,92.75,81.52,73,77,8.32,broken clouds
11,Mitsamiouli,KM,2021-02-15 02:56:54,-11.3847,43.2844,81.97,80,84,13.53,broken clouds
12,Quatre Cocos,MU,2021-02-15 02:55:08,-20.2078,57.7625,77.0,94,40,4.61,scattered clouds
13,New Norfolk,AU,2021-02-15 02:56:54,-42.7826,147.0587,64.99,64,100,3.0,overcast clouds
14,Berlevag,NO,2021-02-15 02:56:54,70.8578,29.0864,24.17,93,84,6.22,light snow
15,Rikitea,PF,2021-02-15 02:56:54,-23.1203,-134.9692,79.86,77,68,15.43,light rain
16,Chokurdakh,RU,2021-02-15 02:56:54,70.6333,147.9167,-7.49,91,100,11.72,light snow
17,Kapaa,US,2021-02-15 02:52:20,22.0752,-159.319,78.8,73,1,11.5,clear sky
18,Nikolskoye,RU,2021-02-15 02:56:55,59.7035,30.7861,0.0,77,20,6.71,few clouds
19,Mar Del Plata,AR,2021-02-15 02:56:56,-38.0023,-57.5575,69.01,100,75,2.3,broken clouds
20,Fortuna,US,2021-02-15 02:56:56,40.5982,-124.1573,48.99,100,90,17.27,overcast clouds
21,Hobart,AU,2021-02-15 02:53:31,-42.8794,147.3294,64.99,67,75,6.91,broken clouds
22,Tuatapere,NZ,2021-02-15 02:56:56,-46.1333,167.6833,59.0,70,83,14.0,broken clouds
23,Hirara,JP,2021-02-15 02:56:56,24.8,125.2833,73.4,53,40,13.8,scattered clouds
24,Rio Grande,BR,2021-02-15 02:56:05,-32.035,-52.0986,68.0,97,100,3.65,light rain
25,Tukrah,LY,2021-02-15 02:56:56,32.5341,20.5791,52.52,68,95,17.07,overcast clouds
26,Dikson,RU,2021-02-15 02:56:57,73.5069,80.5464,-21.46,87,100,14.03,overcast clouds
27,Jamestown,US,2021-02-15 02:56:57,42.097,-79.2353,18.0,79,1,3.76,clear sky
28,Derzhavinsk,KZ,2021-02-15 02:56:57,51.1,66.3167,18.43,96,91,4.97,overcast clouds
29,Ilulissat,GL,2021-02-15 02:56:57,69.2167,-51.1,8.6,61,90,10.36,overcast clouds
30,Sungaipenuh,ID,2021-02-15 02:56:57,-2.0833,101.3833,78.42,65,38,0.69,scattered clouds
31,Hermanus,ZA,2021-02-15 02:54:08,-34.4187,19.2345,63.0,73,34,1.99,scattered clouds
32,Honiara,SB,2021-02-15 02:55:26,-9.4333,159.95,85.71,71,31,8.5,scattered clouds
33,Bredasdorp,ZA,2021-02-15 02:56:58,-34.5322,20.0403,60.8,55,2,12.66,clear sky
34,Punta Arenas,CL,2021-02-15 02:54:23,-53.15,-70.9167,50.0,66,75,19.57,broken clouds
35,Busselton,AU,2021-02-15 02:56:58,-33.65,115.3333,89.01,48,70,1.99,broken clouds
36,Bunia,CD,2021-02-15 02:55:08,1.5667,30.25,66.88,66,79,3.0,broken clouds
37,Winslow,US,2021-02-15 02:56:58,35.0242,-110.6974,42.8,56,90,12.66,overcast clouds
38,Hervey Bay,AU,2021-02-15 02:56:59,-25.2986,152.8535,79.0,71,96,10.0,overcast clouds
39,Kruisfontein,ZA,2021-02-15 02:56:59,-34.0033,24.7314,68.0,80,88,8.01,overcast clouds
40,Port Elizabeth,ZA,2021-02-15 02:56:59,-33.918,25.5701,68.0,83,20,23.02,light rain
41,Bluff,NZ,2021-02-15 02:56:59,-46.6,168.3333,59.0,70,65,14.0,broken clouds
42,Turbat,PK,2021-02-15 02:56:59,26.0023,63.044,63.88,31,0,4.14,clear sky
43,Libreville,GA,2021-02-15 02:53:20,0.3925,9.4537,80.6,89,20,6.91,few clouds
44,Chinsali,ZM,2021-02-15 02:57:00,-10.5414,32.0816,62.15,97,100,3.74,overcast clouds
45,Lazaro Cardenas,MX,2021-02-15 02:57:00,17.9583,-102.2,69.57,74,23,5.46,few clouds
46,Port Alfred,ZA,2021-02-15 02:57:00,-33.5906,26.891,69.01,93,100,8.01,light rain
47,Bethel,US,2021-02-15 02:57:00,41.3712,-73.414,32.0,64,20,4.61,few clouds
48,Key Largo,US,2021-02-15 02:57:00,25.0865,-80.4473,77.0,95,82,9.98,broken clouds
49,Puerto Ayora,EC,2021-02-15 02:57:01,-0.7393,-90.3518,77.0,91,75,6.53,broken clouds
50,Sinnamary,GF,2021-02-15 02:57:01,5.3833,-52.95,77.23,81,89,14.43,overcast clouds
51,Kalbay,PH,2021-02-15 02:57:01,5.7233,125.4986,84.2,70,20,8.05,few clouds
52,Margate,GB,2021-02-15 02:57:01,51.3813,1.3862,41.0,75,100,8.01,light rain
53,Santa Margherita Ligure,IT,2021-02-15 02:57:02,44.3346,9.212,36.0,35,73,5.23,broken clouds
54,Urumqi,CN,2021-02-15 02:57:02,43.801,87.6005,15.8,92,90,4.47,light snow
55,Kochi,IN,2021-02-15 02:57:02,9.9399,76.2602,73.4,83,23,5.75,mist
56,Norman Wells,CA,2021-02-15 02:57:02,65.282,-126.8329,-11.2,77,75,5.1,light snow
57,Tuktoyaktuk,CA,2021-02-15 02:57:02,69.4541,-133.0374,-7.6,77,90,8.05,light snow
58,Albany,US,2021-02-15 02:56:04,42.6001,-73.9662,24.01,59,100,4.5,overcast clouds
59,Nizhniy Mamon,RU,2021-02-15 02:57:03,50.1937,40.5083,9.82,93,9,7.67,clear sky
60,Esperance,AU,2021-02-15 02:56:25,-33.8667,121.9,80.6,39,31,8.05,scattered clouds
61,Mabai,CN,2021-02-15 02:57:03,23.0128,104.4508,55.78,88,79,4.7,broken clouds
62,Kedrovyy,RU,2021-02-15 02:57:03,56.1667,91.8167,-9.4,77,20,3.87,mist
63,Sidi Ali,DZ,2021-02-15 02:57:04,36.0998,0.4206,48.0,78,17,6.85,few clouds
64,Nanortalik,GL,2021-02-15 02:57:04,60.1432,-45.2371,22.33,91,37,10.56,scattered clouds
65,Pevek,RU,2021-02-15 02:57:04,69.7008,170.3133,-18.06,85,0,0.92,clear sky
66,Greytown,ZA,2021-02-15 02:57:04,-29.0642,30.5928,65.19,96,97,1.88,light rain
67,Kibre Mengist,ET,2021-02-15 02:57:04,5.8833,38.9833,59.43,52,69,2.04,broken clouds
68,Totolapan,MX,2021-02-15 02:57:05,18.5167,-96.1833,71.01,88,1,6.91,clear sky
69,Geraldton,AU,2021-02-15 02:57:05,-28.7667,114.6,84.2,48,0,9.22,clear sky
70,Boende,CD,2021-02-15 02:57:05,-0.2167,20.8667,72.55,96,100,3.2,overcast clouds
71,Farafangana,MG,2021-02-15 02:57:05,-22.8167,47.8333,75.51,84,100,2.19,light rain
72,Rocha,UY,2021-02-15 02:57:05,-34.4833,-54.3333,67.62,91,99,4.0,overcast clouds
73,Srednekolymsk,RU,2021-02-15 02:57:05,67.45,153.6833,-18.27,85,12,10.58,few clouds
74,Kahului,US,2021-02-15 02:57:06,20.8947,-156.47,82.4,57,40,11.5,scattered clouds
75,Senador Jose Porfirio,BR,2021-02-15 02:57:06,-2.5908,-51.9542,74.79,95,100,4.99,moderate rain
76,Grand Gaube,MU,2021-02-15 02:57:06,-20.0064,57.6608,77.0,82,100,3.0,overcast clouds
77,San Patricio,US,2021-02-15 02:57:06,28.017,-97.5169,28.4,93,90,27.63,overcast clouds
78,Nemuro,JP,2021-02-15 02:57:06,43.3236,145.575,32.0,100,75,4.61,mist
79,Vaini,TO,2021-02-15 02:57:07,-21.2,-175.2,86.0,74,20,5.75,few clouds
80,Xining,CN,2021-02-15 02:57:07,36.6167,101.7667,27.23,83,100,1.5,overcast clouds
81,Dogondoutchi,NE,2021-02-15 02:57:07,13.6393,4.0287,73.24,19,0,9.06,clear sky
82,Sao Filipe,CV,2021-02-15 02:57:07,14.8961,-24.4956,70.68,75,100,5.7,overcast clouds
83,Katsuura,JP,2021-02-15 02:57:08,35.1333,140.3,60.8,94,75,17.27,heavy intensity rain
84,Bathsheba,BB,2021-02-15 02:57:08,13.2167,-59.5167,78.8,65,40,23.02,scattered clouds
85,Georgetown,MY,2021-02-15 02:55:33,5.4112,100.3354,86.0,61,20,8.05,few clouds
86,Barrow,US,2021-02-15 02:57:08,71.2906,-156.7887,-11.2,70,90,6.91,overcast clouds
87,Bulgan,MN,2021-02-15 02:57:08,48.8125,103.5347,5.49,87,46,5.66,scattered clouds
88,Nuuk,GL,2021-02-15 02:57:09,64.1835,-51.7216,14.0,67,90,2.3,overcast clouds
89,Yambio,SS,2021-02-15 02:57:09,4.5721,28.3955,68.76,25,83,2.86,broken clouds
90,Makakilo City,US,2021-02-15 02:57:09,21.3469,-158.0858,82.4,57,20,10.36,light rain
91,Vilcun,CL,2021-02-15 02:57:09,-38.65,-72.2333,53.6,82,0,2.3,clear sky
92,Cockburn Town,TC,2021-02-15 02:57:10,21.4612,-71.1419,77.72,77,0,24.87,clear sky
93,Arraial Do Cabo,BR,2021-02-15 02:57:10,-22.9661,-42.0278,75.88,88,100,12.84,light rain
94,Maceio,BR,2021-02-15 02:57:10,-9.6658,-35.7353,75.2,94,0,2.3,clear sky
95,Gangavalli,IN,2021-02-15 02:57:10,11.4983,78.6497,74.52,67,91,1.63,overcast clouds
96,Taksimo,RU,2021-02-15 02:57:10,56.3444,114.8794,-10.12,78,67,1.41,broken clouds
97,Hasaki,JP,2021-02-15 02:57:11,35.7333,140.8333,59.0,94,75,19.57,moderate rain
98,Coolum Beach,AU,2021-02-15 02:57:11,-26.5333,153.1,81.0,68,38,5.99,scattered clouds
99,Zhigalovo,RU,2021-02-15 02:57:11,54.8097,105.1578,-9.13,84,0,3.53,clear sky
100,Batagay-Alyta,RU,2021-02-15 02:57:11,67.8006,130.4114,-12.66,86,100,1.39,overcast clouds
101,Port Hedland,AU,2021-02-15 02:54:32,-20.3167,118.5667,91.4,46,92,10.36,overcast clouds
102,Sheffield Lake,US,2021-02-15 02:57:11,41.4875,-82.1015,21.0,73,20,5.75,few clouds
103,Atuona,PF,2021-02-15 02:57:11,-9.8,-139.0333,79.21,74,0,11.72,clear sky
104,Vestmannaeyjar,IS,2021-02-15 02:57:12,63.4427,-20.2734,43.0,81,100,9.08,overcast clouds
105,Saint-Pierre,RE,2021-02-15 02:57:12,-21.3393,55.4781,77.0,73,0,6.91,clear sky
106,Hofn,IS,2021-02-15 02:57:12,64.2539,-15.2082,41.83,93,100,10.09,light rain
107,Khatanga,RU,2021-02-15 02:57:12,71.9667,102.5,-34.74,82,64,0.56,broken clouds
108,Lavrentiya,RU,2021-02-15 02:57:12,65.5833,-171.0,-11.29,84,0,12.37,clear sky
109,Provideniya,RU,2021-02-15 02:57:13,64.3833,-173.3,10.4,79,40,17.9,snow
110,Faanui,PF,2021-02-15 02:57:13,-16.4833,-151.75,81.77,74,69,11.41,light rain
111,Severo-Kurilsk,RU,2021-02-15 02:57:13,50.6789,156.125,26.76,93,87,10.87,overcast clouds
112,Kodiak,US,2021-02-15 02:57:13,57.79,-152.4072,39.2,93,90,8.05,light rain
113,Tautira,PF,2021-02-15 02:57:13,-17.7333,-149.15,84.2,70,40,12.66,moderate rain
114,Butaritari,KI,2021-02-15 02:57:13,3.0707,172.7902,79.92,79,96,19.15,overcast clouds
115,Nadym,RU,2021-02-15 02:57:13,65.5333,72.5167,-16.73,88,100,19.64,light snow
116,Solnechnyy,RU,2021-02-15 02:57:14,50.7214,136.6319,8.1,90,99,3.47,overcast clouds
117,Waipawa,NZ,2021-02-15 02:57:14,-41.4122,175.5153,66.0,82,40,10.36,light rain
118,Gari,RU,2021-02-15 02:57:14,59.4307,62.3497,-13.16,90,96,2.84,overcast clouds
119,Aklavik,CA,2021-02-15 02:57:14,68.2191,-135.0107,-2.2,84,100,3.44,overcast clouds
120,Clyde River,CA,2021-02-15 02:57:15,70.4692,-68.5914,-13.0,84,69,4.61,broken clouds
121,Tutoia,BR,2021-02-15 02:57:15,-2.7619,-42.2744,80.46,81,100,10.33,overcast clouds
122,Beloha,MG,2021-02-15 02:57:15,-25.1667,45.05,73.96,76,100,8.01,overcast clouds
123,Bandarbeyla,SO,2021-02-15 02:57:15,9.4942,50.8122,72.79,75,10,7.7,clear sky
124,Ust-Nera,RU,2021-02-15 02:57:15,64.5667,143.2,-10.39,78,21,1.12,few clouds
125,Naze,JP,2021-02-15 02:57:15,28.3667,129.4833,68.0,64,40,19.57,scattered clouds
126,Fort Nelson,CA,2021-02-15 02:53:43,58.8053,-122.7002,-9.4,77,75,2.3,broken clouds
127,Lensk,RU,2021-02-15 02:57:16,60.7253,114.9278,-20.4,81,0,3.71,clear sky
128,Ostrovnoy,RU,2021-02-15 02:57:16,68.0531,39.5131,9.97,95,100,10.07,overcast clouds
129,Cayenne,GF,2021-02-15 02:57:16,4.9333,-52.3333,80.6,74,75,10.36,broken clouds
130,Sturgis,US,2021-02-15 02:57:16,41.7992,-85.4192,15.01,67,90,5.75,overcast clouds
131,Minakuchi,JP,2021-02-15 02:57:17,34.9667,136.1667,55.99,96,100,4.0,moderate rain
132,Yerbogachen,RU,2021-02-15 02:57:17,61.2767,108.0108,-29.43,82,6,3.49,clear sky
133,Cape Town,ZA,2021-02-15 02:52:50,-33.9258,18.4232,64.4,52,75,3.44,broken clouds
134,Dinguiraye,GN,2021-02-15 02:57:17,11.3,-10.7167,72.91,22,30,2.89,scattered clouds
135,Thompson,CA,2021-02-15 02:57:17,55.7435,-97.8558,-5.8,84,75,4.61,broken clouds
136,Shingu,JP,2021-02-15 02:57:17,33.7333,135.9833,55.4,94,75,26.46,broken clouds
137,Zaliztsi,UA,2021-02-15 02:57:18,49.7919,25.373,22.77,98,100,13.44,light snow
138,Vila Velha,BR,2021-02-15 02:57:18,-20.3297,-40.2925,78.8,78,0,9.22,clear sky
139,Shakiso,ET,2021-02-15 02:57:18,5.75,38.9167,61.72,47,54,2.64,broken clouds
140,Ancud,CL,2021-02-15 02:57:18,-41.8697,-73.8203,52.0,62,0,11.5,clear sky
141,Hohhot,CN,2021-02-15 02:57:18,40.8106,111.6522,12.2,57,0,2.24,clear sky
142,Danshui,CN,2021-02-15 02:57:18,22.7984,114.4672,75.0,66,0,11.01,clear sky
143,Half Moon Bay,US,2021-02-15 02:57:19,37.4636,-122.4286,55.4,93,90,5.75,mist
144,Erdenet,MN,2021-02-15 02:57:19,49.0333,104.0833,1.71,89,89,3.8,overcast clouds
145,Pitimbu,BR,2021-02-15 02:57:19,-7.4706,-34.8086,78.8,89,20,5.75,few clouds
146,Shimoda,JP,2021-02-15 02:57:19,34.6667,138.95,62.6,88,75,20.71,heavy intensity rain
147,Uch,FR,2021-02-15 02:57:19,45.3192,-0.9345,42.8,75,0,13.8,clear sky
148,Hailar,CN,2021-02-15 02:57:19,49.2,119.7,-12.06,86,100,2.01,overcast clouds
149,Ondjiva,AO,2021-02-15 02:57:19,-17.0667,15.7333,65.25,82,91,5.14,overcast clouds
150,San Jose,US,2021-02-15 02:53:20,37.3394,-121.895,57.2,51,90,3.67,overcast clouds
151,Qurayyat,SA,2021-02-15 02:57:20,31.3318,37.3428,48.2,76,0,4.61,clear sky
152,Saint-Philippe,RE,2021-02-15 02:57:20,-21.3585,55.7679,77.0,73,0,6.91,clear sky
153,Pasni,PK,2021-02-15 02:57:20,25.2631,63.471,68.77,62,0,8.97,clear sky
154,Udachnyy,RU,2021-02-15 02:57:20,66.4167,112.4,-24.92,83,100,13.13,overcast clouds
155,Nicoya,CR,2021-02-15 02:57:21,10.1483,-85.452,82.4,51,0,9.22,clear sky
156,Taoudenni,ML,2021-02-15 02:57:21,22.6783,-3.9836,67.03,26,0,23.06,clear sky
157,Champasak,LA,2021-02-15 02:57:21,14.75,106.0,75.2,60,65,2.3,broken clouds
158,Diu,IN,2021-02-15 02:57:21,20.7141,70.9822,67.68,70,0,4.27,clear sky
159,Airai,TL,2021-02-15 02:57:21,-8.9266,125.4092,72.32,74,99,4.72,overcast clouds
160,Pomichna,UA,2021-02-15 02:57:21,48.2422,31.4158,10.65,97,63,4.97,broken clouds
161,La Fleche,FR,2021-02-15 02:57:22,47.6982,-0.0755,45.0,76,0,10.36,clear sky
162,Okhotsk,RU,2021-02-15 02:57:22,59.3833,143.3,5.79,89,100,4.9,overcast clouds
163,Mahebourg,MU,2021-02-15 02:57:22,-20.4081,57.7,73.4,94,40,4.61,scattered clouds
164,Yarim,YE,2021-02-15 02:57:22,14.298,44.3779,49.12,46,72,3.62,broken clouds
165,Mount Gambier,AU,2021-02-15 02:53:05,-37.8333,140.7667,75.2,46,86,8.05,overcast clouds
166,Goderich,CA,2021-02-15 02:57:23,43.7501,-81.7165,17.6,73,100,4.61,overcast clouds
167,Lakes Entrance,AU,2021-02-15 02:57:23,-37.8811,147.981,72.0,60,3,8.01,clear sky
168,General Pico,AR,2021-02-15 02:57:23,-35.6566,-63.7568,70.65,62,0,9.75,clear sky
169,Avarua,CK,2021-02-15 02:57:23,-21.2078,-159.775,86.0,70,20,8.05,light rain
170,Deputatskiy,RU,2021-02-15 02:57:23,69.3,139.9,-4.18,93,100,2.66,light snow
171,Kalemie,CD,2021-02-15 02:57:24,-5.9475,29.1947,70.09,81,100,2.06,overcast clouds
172,Souillac,MU,2021-02-15 02:57:24,-20.5167,57.5167,73.4,94,40,4.61,scattered clouds
173,Ostersund,SE,2021-02-15 02:57:24,63.1792,14.6357,21.2,86,0,10.36,clear sky
174,Qaanaaq,GL,2021-02-15 02:57:24,77.484,-69.3632,4.86,88,100,3.96,overcast clouds
175,Bengkulu,ID,2021-02-15 02:57:24,-3.8004,102.2655,86.67,61,1,2.86,clear sky
176,Anadyr,RU,2021-02-15 02:57:25,64.75,177.4833,-2.0,78,99,24.61,snow
177,Beringovskiy,RU,2021-02-15 02:57:25,63.05,179.3167,-0.35,87,99,20.78,overcast clouds
178,Point Pleasant,US,2021-02-15 02:57:25,40.0832,-74.0682,37.0,75,90,4.61,overcast clouds
179,Masyaf,SY,2021-02-15 02:57:25,35.0653,36.3406,50.0,76,40,4.61,scattered clouds
180,Tiarei,PF,2021-02-15 02:57:25,-17.5333,-149.3333,84.2,70,40,12.66,light rain
181,Nichinan,JP,2021-02-15 02:57:26,31.6,131.3667,66.2,52,40,27.63,scattered clouds
182,Husavik,IS,2021-02-15 02:57:08,66.0449,-17.3389,42.8,65,90,8.05,moderate rain
183,Kashary,RU,2021-02-15 02:57:26,49.04,41.0056,13.71,89,44,7.11,scattered clouds
184,Ayagoz,KZ,2021-02-15 02:57:26,47.9714,80.4392,16.02,81,23,2.42,few clouds
185,Riyadh,SA,2021-02-15 02:54:19,24.6877,46.7219,57.2,44,0,4.97,clear sky
186,Yumen,CN,2021-02-15 02:57:27,40.2833,97.2,31.69,81,100,1.92,overcast clouds
187,Sioux Lookout,CA,2021-02-15 02:57:27,50.1001,-91.917,-18.4,69,1,3.44,clear sky
188,Acari,PE,2021-02-15 02:57:27,-15.4311,-74.6158,71.98,72,45,1.83,scattered clouds
189,Mongu,ZM,2021-02-15 02:54:48,-15.2484,23.1274,63.84,72,84,3.38,broken clouds
190,Lake City,US,2021-02-15 02:56:32,30.1897,-82.6393,51.8,100,90,3.44,mist
191,Cap Malheureux,MU,2021-02-15 02:57:28,-19.9842,57.6142,77.0,82,94,3.0,overcast clouds
192,Canutama,BR,2021-02-15 02:54:07,-6.5339,-64.3831,74.34,98,100,3.02,moderate rain
193,Xai-Xai,MZ,2021-02-15 02:55:08,-25.0519,33.6442,76.19,90,59,7.09,light rain
194,Imeni Poliny Osipenko,RU,2021-02-15 02:57:28,52.4201,136.4853,8.83,93,99,3.36,overcast clouds
195,Oranjemund,NA,2021-02-15 02:55:09,-28.55,16.4333,62.78,79,0,9.24,clear sky
196,Terrace,CA,2021-02-15 02:57:29,54.5163,-128.6035,21.2,86,90,18.41,snow
197,Mattru,SL,2021-02-15 02:57:29,7.6244,-11.8332,74.86,97,1,1.1,clear sky
198,Poya,NC,2021-02-15 02:57:29,-21.35,165.15,82.6,72,41,6.98,scattered clouds
199,Pakxan,LA,2021-02-15 02:57:29,18.3778,103.6601,82.99,49,61,3.2,broken clouds
200,Cherskiy,RU,2021-02-15 02:57:30,68.75,161.3,-4.67,90,92,2.42,overcast clouds
201,Marawi,PH,2021-02-15 02:57:30,7.9986,124.2928,82.0,80,80,5.01,broken clouds
202,Piracanjuba,BR,2021-02-15 02:57:30,-17.3028,-49.0167,69.46,93,100,4.52,light rain
203,Saldanha,ZA,2021-02-15 02:57:30,-33.0117,17.9442,62.6,67,0,4.61,clear sky
204,Carutapera,BR,2021-02-15 02:53:09,-1.195,-46.02,76.62,92,100,6.49,light rain
205,Mwene-Ditu,CD,2021-02-15 02:57:30,-7.0,23.45,64.83,92,100,2.33,overcast clouds
206,Chara,RU,2021-02-15 02:57:30,56.9064,118.2631,-15.79,80,100,1.95,overcast clouds
207,Chimbote,PE,2021-02-15 02:57:31,-9.0853,-78.5783,71.85,80,67,7.47,broken clouds
208,Alibag,IN,2021-02-15 02:57:31,18.6411,72.8792,75.2,73,75,3.44,haze
209,Valparaiso,CL,2021-02-15 02:57:31,-33.0393,-71.6273,60.8,88,90,4.61,overcast clouds
210,Pustomyty,UA,2021-02-15 02:57:31,49.7153,23.913,23.0,86,75,13.42,snow
211,Havoysund,NO,2021-02-15 02:57:32,70.9963,24.6622,33.8,86,75,4.61,light snow
212,Itupiranga,BR,2021-02-15 02:57:32,-5.1347,-49.3267,74.43,95,100,5.28,overcast clouds
213,Saint-Joseph,RE,2021-02-15 02:57:32,-21.3667,55.6167,77.0,73,0,6.91,clear sky
214,Port Lincoln,AU,2021-02-15 02:57:32,-34.7333,135.8667,70.77,62,1,9.4,clear sky
215,Castro,BR,2021-02-15 02:54:37,-24.7911,-50.0119,61.99,94,2,3.87,clear sky
216,Constitucion,CL,2021-02-15 02:57:32,-35.3333,-72.4167,56.52,87,0,5.91,clear sky
217,Tala,EG,2021-02-15 02:57:33,30.6803,30.9429,45.32,87,0,0.49,clear sky
218,Tsabong,BW,2021-02-15 02:57:33,-26.0217,22.401,71.01,30,0,14.9,clear sky
219,Rantepao,ID,2021-02-15 02:57:33,-2.9701,119.8978,82.62,55,81,3.2,broken clouds
220,Kamenka,RU,2021-02-15 02:57:33,51.3223,42.7678,-4.95,92,34,7.29,scattered clouds
221,Komsomolskiy,UZ,2021-02-15 02:57:33,40.4272,71.7189,35.6,75,100,6.91,overcast clouds
222,Guatire,VE,2021-02-15 02:57:34,10.4762,-66.5427,78.8,61,20,8.05,few clouds
223,Mareeba,AU,2021-02-15 02:57:34,-17.0,145.4333,91.99,66,40,8.05,scattered clouds
224,Chuy,UY,2021-02-15 02:57:34,-33.6971,-53.4616,68.81,91,100,3.24,overcast clouds
225,Lubao,PH,2021-02-15 02:57:34,14.9167,120.55,82.4,74,75,6.91,broken clouds
226,East London,ZA,2021-02-15 02:57:34,-33.0153,27.9116,71.42,83,91,19.46,light rain
227,Bagdarin,RU,2021-02-15 02:57:35,54.4333,113.6,-8.84,78,54,3.76,broken clouds
228,Chipinge,ZW,2021-02-15 02:57:35,-20.1883,32.6236,65.59,99,86,5.64,light rain
229,Bonthe,SL,2021-02-15 02:57:35,7.5264,-12.505,78.13,91,11,5.19,few clouds
230,Isangel,VU,2021-02-15 02:57:35,-19.55,169.2667,85.57,70,99,4.36,overcast clouds
231,Talaya,RU,2021-02-15 02:57:35,61.3833,152.75,-18.98,82,47,1.77,scattered clouds
232,Maraa,BR,2021-02-15 02:57:35,-1.8333,-65.3667,75.34,89,85,1.45,moderate rain
233,Sobolevo,RU,2021-02-15 02:57:36,54.4299,31.8996,5.07,95,96,6.15,light snow
234,Mulchen,CL,2021-02-15 02:57:36,-37.7167,-72.2333,60.89,63,2,7.05,clear sky
235,Guarapari,BR,2021-02-15 02:57:36,-20.6667,-40.4975,78.8,78,0,9.22,clear sky
236,Coquimbo,CL,2021-02-15 02:53:29,-29.9533,-71.3436,60.8,88,40,8.05,scattered clouds
237,Moncton,CA,2021-02-15 02:57:36,46.1159,-64.8019,21.2,58,90,10.36,overcast clouds
238,Mana,GF,2021-02-15 02:57:36,5.6592,-53.7767,77.09,79,100,14.45,overcast clouds
239,Prabumulih,ID,2021-02-15 02:57:37,-3.45,104.25,75.76,94,100,3.67,overcast clouds
240,Matara,LK,2021-02-15 02:57:37,5.9485,80.5353,80.85,78,81,3.47,broken clouds
241,Araouane,ML,2021-02-15 02:57:37,18.9048,-3.5265,72.12,17,77,12.19,broken clouds
242,Atambua,ID,2021-02-15 02:57:37,-9.1061,124.8925,81.43,72,93,4.38,overcast clouds
243,Leningradskiy,RU,2021-02-15 02:57:37,69.3833,178.4167,-13.43,85,0,5.21,clear sky
244,Rorvik,NO,2021-02-15 02:57:38,64.8621,11.2373,32.31,86,0,19.19,clear sky
245,Upernavik,GL,2021-02-15 02:57:38,72.7868,-56.1549,-1.48,91,97,5.32,overcast clouds
246,Viedma,AR,2021-02-15 02:57:38,-40.8135,-62.9967,63.0,73,98,1.01,overcast clouds
247,Athabasca,CA,2021-02-15 02:57:38,54.7169,-113.2854,-9.4,64,94,8.05,overcast clouds
248,Bilibino,RU,2021-02-15 02:57:38,68.0546,166.4372,2.32,88,90,1.32,overcast clouds
249,Carnarvon,AU,2021-02-15 02:57:38,-24.8667,113.6333,84.2,84,0,8.05,clear sky
250,Samarai,PG,2021-02-15 02:57:39,-10.6167,150.6667,85.26,67,100,8.79,overcast clouds
251,Vysokogornyy,RU,2021-02-15 02:57:39,50.1167,139.15,11.93,86,89,2.75,overcast clouds
252,Solone,UA,2021-02-15 02:57:39,48.2081,34.8721,8.6,85,0,6.71,clear sky
253,Tasiilaq,GL,2021-02-15 02:57:39,65.6145,-37.6368,30.2,80,75,5.75,broken clouds
254,Erenhot,CN,2021-02-15 02:57:39,43.6475,111.9767,18.25,87,100,15.95,overcast clouds
255,Saint-Augustin,CA,2021-02-15 02:57:40,51.226,-58.6502,1.76,89,93,8.39,overcast clouds
256,Bambous Virieux,MU,2021-02-15 02:57:40,-20.3428,57.7575,77.0,94,40,4.61,scattered clouds
257,Luang Prabang,LA,2021-02-15 02:57:40,19.8856,102.1347,66.2,77,0,0.18,clear sky
258,Marzuq,YE,2021-02-15 02:57:40,14.4,46.4667,55.08,53,51,1.5,broken clouds
259,Bocanda,CI,2021-02-15 02:57:40,7.0626,-4.4995,75.0,91,43,4.54,scattered clouds
260,Kargasok,RU,2021-02-15 02:57:41,59.0556,80.8572,21.04,98,100,15.35,light snow
261,Ponta Do Sol,PT,2021-02-15 02:57:41,32.6667,-17.1,57.2,82,20,5.75,few clouds
262,Bilma,NE,2021-02-15 02:57:41,18.6853,12.9164,66.0,23,0,12.95,clear sky
263,Beipiao,CN,2021-02-15 02:57:01,41.7919,120.7792,16.45,69,0,11.72,clear sky
264,San Juan,AR,2021-02-15 02:57:41,-31.5375,-68.5364,73.2,53,51,23.98,broken clouds
265,Cidreira,BR,2021-02-15 02:57:42,-30.1811,-50.2056,69.94,87,100,6.62,overcast clouds
266,Hammond,US,2021-02-15 02:57:42,41.5834,-87.5,5.0,78,90,6.91,light snow
267,Teseney,ER,2021-02-15 02:57:42,15.11,36.6575,70.63,56,0,8.08,clear sky
268,Namatanai,PG,2021-02-15 02:57:42,-3.6667,152.4333,85.41,69,31,8.1,light rain
269,Alice Springs,AU,2021-02-15 02:57:41,-23.7,133.8833,87.8,18,0,14.97,clear sky
270,Dongsheng,CN,2021-02-15 02:57:43,39.8161,109.9776,27.07,67,0,20.69,clear sky
271,Grand-Santi,GF,2021-02-15 02:57:43,4.25,-54.3833,70.12,95,100,3.0,overcast clouds
272,Eastbourne,GB,2021-02-15 02:57:43,50.7687,0.2845,45.0,89,100,5.99,overcast clouds
273,Hithadhoo,MV,2021-02-15 02:57:43,-0.6,73.0833,82.4,75,40,8.25,scattered clouds
274,Waddan,LY,2021-02-15 02:57:44,29.1614,16.139,47.71,83,0,14.85,clear sky
275,Mafeteng,LS,2021-02-15 02:57:44,-29.823,27.2374,61.63,82,6,3.76,clear sky
276,Praya,CV,2021-02-15 02:57:44,14.9215,-23.5087,69.8,60,20,13.8,few clouds
277,Chernyshevskiy,RU,2021-02-15 02:57:44,63.0128,112.4714,-29.29,85,2,3.22,clear sky
278,Westport,US,2021-02-15 02:57:44,41.1415,-73.3579,34.0,50,100,6.71,overcast clouds
279,Viljoenskroon,ZA,2021-02-15 02:57:45,-27.2084,26.9485,64.99,89,34,1.86,scattered clouds
280,Kochevo,RU,2021-02-15 02:57:45,59.5994,54.3125,-4.4,91,97,4.52,overcast clouds
281,Marshall,US,2021-02-15 02:57:19,34.3834,-86.3333,36.0,100,90,3.44,overcast clouds
282,Buala,SB,2021-02-15 02:57:45,-8.145,159.5921,83.86,77,81,8.61,moderate rain
283,Tabory,RU,2021-02-15 02:57:45,58.5198,64.5495,1.6,94,97,4.09,light snow
284,Oga,IT,2021-02-15 02:57:45,46.4631,10.347,25.0,78,0,1.14,clear sky
285,Ulaangom,MN,2021-02-15 02:57:46,49.9811,92.0667,-4.88,90,89,0.72,overcast clouds
286,San Quintin,MX,2021-02-15 02:57:46,30.4833,-115.95,57.38,71,36,14.65,scattered clouds
287,Fare,PF,2021-02-15 02:57:46,-16.7,-151.0167,82.0,73,50,10.33,scattered clouds
288,Yellowknife,CA,2021-02-15 02:57:46,62.456,-114.3525,-7.01,84,1,9.22,clear sky
289,Boyolangu,ID,2021-02-15 02:57:47,-8.1181,111.8935,85.44,64,73,0.65,broken clouds
290,Chaozhou,CN,2021-02-15 02:57:47,23.6651,116.6379,73.4,43,0,4.47,clear sky
291,Columbus,US,2021-02-15 02:53:30,39.9612,-82.9988,21.2,73,75,14.97,broken clouds
292,Brae,GB,2021-02-15 02:57:47,60.3964,-1.353,44.6,87,39,19.57,scattered clouds
293,Svetlyy,RU,2021-02-15 02:57:47,54.675,20.1347,28.99,100,75,2.24,light snow
294,Jiaojiang,CN,2021-02-15 02:57:47,28.6803,121.4428,64.99,67,0,6.46,clear sky
295,Labuhan,ID,2021-02-15 02:57:47,-6.8844,112.2051,83.26,74,67,7.34,broken clouds
296,Acapulco,MX,2021-02-15 02:56:08,16.8634,-99.8901,75.2,60,1,8.05,clear sky
297,Plouzane,FR,2021-02-15 02:57:48,48.3833,-4.6167,53.6,100,90,21.85,mist
298,Kemijarvi,FI,2021-02-15 02:57:48,66.7131,27.4306,9.86,95,100,7.16,overcast clouds
299,Ipixuna,BR,2021-02-15 02:57:53,-1.7625,-48.8043,77.0,94,75,3.44,broken clouds
300,Guerrero Negro,MX,2021-02-15 02:57:53,27.9769,-114.0611,57.97,74,44,14.85,scattered clouds
301,Nagua,DO,2021-02-15 02:57:54,19.3832,-69.8474,73.0,88,0,4.0,clear sky
302,Kirakira,SB,2021-02-15 02:57:54,-10.4544,161.9205,84.45,77,72,11.7,broken clouds
303,Klaksvik,FO,2021-02-15 02:57:54,62.2266,-6.589,46.4,87,75,25.32,broken clouds
304,Nkpor,NG,2021-02-15 02:57:54,6.1516,6.8446,76.53,85,25,3.83,scattered clouds
305,Coria,ES,2021-02-15 02:57:54,39.9879,-6.5377,48.0,84,63,9.15,broken clouds
306,Awbari,LY,2021-02-15 02:57:55,26.5921,12.7805,49.77,72,0,9.8,clear sky
307,Codrington,AU,2021-02-15 02:57:55,-38.2667,141.9667,68.7,61,100,12.84,overcast clouds
308,Corinto,GR,2021-02-15 02:54:01,37.9407,22.9573,37.99,62,100,4.0,overcast clouds
309,Nuevo Progreso,MX,2021-02-15 02:57:55,23.1667,-97.95,50.0,68,33,5.99,scattered clouds
310,Skibbereen,IE,2021-02-15 02:57:55,51.55,-9.2667,48.2,93,75,17.27,broken clouds
311,Saskylakh,RU,2021-02-15 02:57:55,71.9167,114.0833,-20.22,85,100,14.18,overcast clouds
312,Longyearbyen,SJ,2021-02-15 02:57:55,78.2186,15.6401,19.4,73,75,8.05,light snow
313,Flin Flon,CA,2021-02-15 02:57:56,54.7682,-101.865,-8.05,90,83,5.35,broken clouds
314,Kavieng,PG,2021-02-15 02:57:56,-2.5744,150.7967,84.69,73,6,9.71,clear sky
315,Aykhal,RU,2021-02-15 02:57:56,66.0,111.5,-28.5,82,100,9.06,overcast clouds
316,Bukachacha,RU,2021-02-15 02:57:56,52.9833,116.9167,-7.51,82,55,3.31,broken clouds
317,Charlestown,AU,2021-02-15 02:57:56,-32.95,151.6667,73.0,74,92,1.99,overcast clouds
318,Pokrovsk,UA,2021-02-15 02:57:57,48.282,37.1758,11.28,96,43,4.05,scattered clouds
319,Sao Jose Da Coroa Grande,BR,2021-02-15 02:57:57,-8.8978,-35.1478,78.3,85,75,9.64,broken clouds
320,Jacareacanga,BR,2021-02-15 02:57:58,-6.2222,-57.7528,72.79,97,100,0.22,overcast clouds
321,Great Yarmouth,GB,2021-02-15 02:57:58,52.6083,1.7305,37.99,100,75,13.8,broken clouds
322,Kolondieba,ML,2021-02-15 02:57:58,11.0882,-6.8926,78.94,27,29,3.24,scattered clouds
323,Seoul,KR,2021-02-15 02:57:58,37.5683,126.9778,37.4,75,75,14.97,broken clouds
324,Quixada,BR,2021-02-15 02:55:11,-4.9714,-39.0153,74.95,91,100,4.14,overcast clouds
325,Lompoc,US,2021-02-15 02:57:59,34.6391,-120.4579,53.6,76,1,16.11,clear sky
326,Ape,LV,2021-02-15 02:57:59,57.5393,26.6929,2.61,94,86,4.5,overcast clouds
327,Coruripe,BR,2021-02-15 02:57:59,-10.1256,-36.1756,76.53,80,9,8.21,clear sky
328,Vanavara,RU,2021-02-15 02:57:59,60.34,102.2797,-27.58,82,0,1.9,clear sky
329,Kilimatinde,TZ,2021-02-15 02:57:59,-5.85,34.95,62.83,96,63,1.28,light rain
330,Moose Jaw,CA,2021-02-15 02:58:00,50.4001,-105.5344,-18.4,69,0,5.75,clear sky
331,Uyskoye,RU,2021-02-15 02:58:00,54.3775,60.0047,-0.33,89,0,10.2,clear sky
332,Victoria,HK,2021-02-15 02:55:41,22.2855,114.1577,75.0,62,9,4.38,clear sky
333,Bastrop,US,2021-02-15 02:58:00,32.7562,-91.8724,21.0,79,90,5.75,light snow
334,Luanda,AO,2021-02-15 02:58:00,-8.8368,13.2343,76.66,86,100,8.63,overcast clouds
335,Meulaboh,ID,2021-02-15 02:54:21,4.1363,96.1285,84.25,70,44,3.31,scattered clouds
336,Vao,NC,2021-02-15 02:58:01,-22.6667,167.4833,80.19,75,1,5.84,clear sky
337,Pimentel,PE,2021-02-15 02:58:01,-6.8367,-79.9342,72.0,88,44,3.0,scattered clouds
338,Nome,US,2021-02-15 02:58:01,64.5011,-165.4064,23.0,50,90,14.97,overcast clouds
339,Artyom,AZ,2021-02-15 02:58:01,40.4723,50.333,42.8,87,75,9.22,broken clouds
340,Yamada,JP,2021-02-15 02:58:01,39.4667,141.95,51.73,89,100,12.64,light rain
341,Kainantu,PG,2021-02-15 02:58:02,-6.2887,145.8655,74.89,73,95,2.44,overcast clouds
342,Tiznit,MA,2021-02-15 02:58:02,29.5833,-9.5,61.29,31,0,7.05,clear sky
343,Novaya Bryan,RU,2021-02-15 02:58:02,51.7159,108.2691,5.0,56,40,8.95,scattered clouds
344,Tura,IN,2021-02-15 02:58:02,25.5198,90.2201,72.32,36,0,3.27,clear sky
345,Kaitangata,NZ,2021-02-15 02:58:03,-46.2817,169.8464,59.0,75,93,20.0,overcast clouds
346,Waingapu,ID,2021-02-15 02:58:03,-9.6567,120.2641,85.01,68,100,8.46,overcast clouds
347,Mega,ET,2021-02-15 02:58:03,4.05,38.3,60.75,48,0,9.51,clear sky
348,Sanger,US,2021-02-15 02:58:04,36.708,-119.556,55.4,66,20,3.44,few clouds
349,Forestville,US,2021-02-15 02:58:04,38.8451,-76.875,37.4,75,90,4.61,overcast clouds
350,Sakakah,SA,2021-02-15 02:58:04,29.9697,40.2064,57.2,54,0,3.44,clear sky
351,Pitsunda,GE,2021-02-15 02:58:04,43.1592,40.3378,39.2,93,90,4.47,light rain
352,Salta,AR,2021-02-15 02:58:05,-24.7859,-65.4117,68.0,83,40,3.44,scattered clouds
353,Padang,ID,2021-02-15 02:54:45,-0.9492,100.3543,84.2,79,20,2.3,few clouds
354,Sao Joao Da Barra,BR,2021-02-15 02:53:05,-21.6403,-41.0511,76.33,87,100,11.25,overcast clouds
355,Buin,CL,2021-02-15 02:58:05,-33.7333,-70.75,68.0,72,0,10.36,clear sky
356,Hami,CN,2021-02-15 02:58:05,42.8,93.45,35.42,70,33,1.88,scattered clouds
357,Port-Gentil,GA,2021-02-15 02:58:05,-0.7193,8.7815,81.45,80,100,13.96,light rain
358,Alappuzha,IN,2021-02-15 02:58:06,9.49,76.3264,77.77,77,57,7.38,broken clouds
359,Nyurba,RU,2021-02-15 02:58:06,63.2842,118.3319,-21.6,86,86,5.48,overcast clouds
360,Atar,MR,2021-02-15 02:58:06,20.5169,-13.0499,66.09,26,0,10.6,clear sky
361,Teya,RU,2021-02-15 02:58:06,60.3778,92.6267,-17.18,83,70,2.28,broken clouds
362,Cabedelo,BR,2021-02-15 02:58:02,-6.9811,-34.8339,78.8,89,20,5.75,few clouds
363,Kavaratti,IN,2021-02-15 02:58:06,10.5669,72.642,80.76,61,47,6.2,scattered clouds
364,Grindavik,IS,2021-02-15 02:58:06,63.8424,-22.4338,37.4,100,75,8.05,broken clouds
365,Pechenga,RU,2021-02-15 02:58:07,69.5259,31.1703,5.0,92,90,11.5,light snow
366,Hastings,GB,2021-02-15 02:58:07,50.8552,0.5729,43.0,87,90,16.11,overcast clouds
367,Caravelas,BR,2021-02-15 02:58:07,-17.7125,-39.2481,75.09,83,100,5.95,overcast clouds
368,Ghanzi,BW,2021-02-15 02:55:07,-21.5667,21.7833,67.59,80,76,10.11,broken clouds
369,Batemans Bay,AU,2021-02-15 02:54:45,-35.7167,150.1833,70.0,68,52,8.01,broken clouds
370,Maravilha,BR,2021-02-15 02:58:07,-26.7608,-53.1725,66.99,85,0,3.0,clear sky
371,Pakala,IN,2021-02-15 02:58:08,13.4667,79.1167,66.2,88,20,3.0,mist
372,Ribeira Grande,PT,2021-02-15 02:58:08,38.5167,-28.7,54.28,61,100,31.61,overcast clouds
373,Saint-Leu,RE,2021-02-15 02:58:08,-21.15,55.2833,75.99,61,100,1.92,overcast clouds
374,College,US,2021-02-15 02:58:08,64.8569,-147.8028,-0.99,77,1,1.39,clear sky
375,Lima,PE,2021-02-15 02:53:56,-12.0432,-77.0282,73.4,68,0,13.8,clear sky
376,Ishigaki,JP,2021-02-15 02:58:09,24.3448,124.1572,69.8,64,75,13.8,broken clouds
377,Itoman,JP,2021-02-15 02:58:09,26.1247,127.6694,69.8,56,40,18.41,scattered clouds
378,Zhigansk,RU,2021-02-15 02:58:09,66.7697,123.3711,-21.14,85,100,6.8,overcast clouds
379,Birao,CF,2021-02-15 02:58:09,10.2849,22.7882,71.74,23,53,6.33,broken clouds
380,Bonnyville,CA,2021-02-15 02:58:10,54.2668,-110.735,-7.6,49,20,9.22,few clouds
381,Japura,ID,2021-02-15 02:58:10,-0.3167,102.35,84.0,66,42,4.97,scattered clouds
382,Dunmore Town,BS,2021-02-15 02:58:10,25.5,-76.65,76.03,86,0,17.81,clear sky
383,Hovd,MN,2021-02-15 02:58:10,48.0056,91.6419,16.43,79,0,1.7,clear sky
384,Tomatlan,MX,2021-02-15 02:58:10,19.9333,-105.25,60.8,80,0,4.18,clear sky
385,Carnot,CF,2021-02-15 02:58:10,4.9409,15.8665,66.58,37,97,2.3,overcast clouds
386,Vardo,NO,2021-02-15 02:58:11,70.3705,31.1107,24.87,92,100,1.45,light snow
387,Richards Bay,ZA,2021-02-15 02:58:11,-28.783,32.0377,74.82,93,78,3.33,light rain
388,Broken Hill,AU,2021-02-15 02:58:11,-31.95,141.4333,84.2,28,0,10.36,clear sky
389,Yuryevets,RU,2021-02-15 02:58:12,57.3201,43.1041,-4.76,91,82,9.73,broken clouds
390,La Ronge,CA,2021-02-15 02:58:12,55.1001,-105.2842,-14.8,76,0,2.3,clear sky
391,Balikpapan,ID,2021-02-15 02:58:12,-1.2675,116.8289,84.2,84,20,4.61,few clouds
392,Haines Junction,CA,2021-02-15 02:58:12,60.7522,-137.5108,-16.6,76,13,0.65,few clouds
393,Whitianga,NZ,2021-02-15 02:58:12,-36.8333,175.7,71.01,99,100,11.01,overcast clouds
394,Fairbanks,US,2021-02-15 02:53:43,64.8378,-147.7164,0.0,84,1,1.14,clear sky
395,Galle,LK,2021-02-15 02:58:13,6.0367,80.217,79.95,80,50,4.34,scattered clouds
396,Christchurch,NZ,2021-02-15 02:56:23,-43.5333,172.6333,69.8,60,20,16.11,few clouds
397,Reitz,ZA,2021-02-15 02:58:13,-27.8014,28.4273,60.48,95,90,4.74,overcast clouds
398,Noumea,NC,2021-02-15 02:58:13,-22.2763,166.4572,86.0,66,20,12.66,few clouds
399,Kapoeta,SS,2021-02-15 02:58:13,4.7717,33.5903,82.54,39,95,15.88,overcast clouds
400,Caconda,AO,2021-02-15 02:58:13,-13.7333,15.0667,54.1,77,88,0.29,overcast clouds
401,Clovis,US,2021-02-15 02:58:14,36.8252,-119.7029,55.4,50,75,11.5,broken clouds
402,Bundaberg,AU,2021-02-15 02:58:14,-24.85,152.35,82.0,61,90,21.85,overcast clouds
403,Kutum,SD,2021-02-15 02:58:14,14.2,24.6667,56.95,34,0,5.41,clear sky
404,Tessalit,ML,2021-02-15 02:58:14,20.1986,1.0114,65.68,22,0,5.53,clear sky
405,Jumla,NP,2021-02-15 02:58:14,29.2747,82.1838,45.07,53,12,1.1,few clouds
406,Weihe,CN,2021-02-15 02:58:14,32.9952,105.3247,46.4,46,100,5.1,overcast clouds
407,Surab,PK,2021-02-15 02:58:15,28.4914,66.2585,45.79,43,0,4.85,clear sky
408,Manggar,ID,2021-02-15 02:58:15,-2.8833,108.2667,83.59,68,100,11.32,overcast clouds
409,Vredendal,ZA,2021-02-15 02:58:15,-31.6683,18.5012,60.51,76,1,16.02,clear sky
410,Luderitz,NA,2021-02-15 02:58:15,-26.6481,15.1594,65.68,71,0,20.87,clear sky
411,Grand-Lahou,CI,2021-02-15 02:58:15,5.1367,-5.0242,78.91,91,86,8.7,overcast clouds
412,Jutai,BR,2021-02-15 02:58:16,-5.1833,-68.9,74.39,97,97,3.2,overcast clouds
413,Pisco,PE,2021-02-15 02:58:16,-13.7,-76.2167,71.6,78,40,10.36,scattered clouds
414,Ocos,GT,2021-02-15 02:58:16,14.5094,-92.1933,71.6,100,20,9.42,few clouds
415,Bentiu,SS,2021-02-15 02:58:16,9.2333,29.8333,72.66,22,19,5.55,few clouds
416,Salinopolis,BR,2021-02-15 02:58:16,-0.6136,-47.3561,78.73,86,100,12.03,light rain
417,Yulara,AU,2021-02-15 02:58:16,-25.2406,130.9889,89.6,18,21,16.11,few clouds
418,Fort Dix,US,2021-02-15 02:58:16,40.0298,-74.6185,35.01,86,90,4.05,overcast clouds
419,Ambon,ID,2021-02-15 02:58:17,-3.6954,128.1814,89.6,62,20,9.22,few clouds
420,Tacuarembo,UY,2021-02-15 02:58:17,-31.7333,-55.9833,66.11,85,68,1.12,broken clouds
421,Masoko,TZ,2021-02-15 02:58:17,-9.3333,33.75,70.07,66,100,4.79,overcast clouds
422,Lorengau,PG,2021-02-15 02:58:17,-2.0226,147.2712,83.59,75,100,5.82,overcast clouds
423,Olafsvik,IS,2021-02-15 02:58:17,64.8945,-23.7142,40.62,77,100,9.42,overcast clouds
424,Bailieborough,IE,2021-02-15 02:58:18,53.9167,-6.9667,43.0,89,26,3.0,scattered clouds
425,Nisia Floresta,BR,2021-02-15 02:58:18,-6.0911,-35.2086,80.6,78,0,8.05,clear sky
426,Santa Marta,CO,2021-02-15 02:58:18,11.2408,-74.199,84.2,61,45,9.22,scattered clouds
427,Kankakee,US,2021-02-15 02:58:18,41.15,-87.8667,1.4,85,75,12.66,broken clouds
428,Talnakh,RU,2021-02-15 02:58:19,69.4865,88.3972,-30.75,81,15,7.56,few clouds
429,Altay,CN,2021-02-15 02:58:19,47.8667,88.1167,16.72,74,0,1.41,clear sky
430,Markova,UA,2021-02-15 02:58:19,48.6758,24.4138,20.26,95,100,7.76,light snow
431,San Carlos Del Zulia,VE,2021-02-15 02:58:19,9.0,-71.9135,77.59,81,61,3.56,broken clouds
432,Taltal,CL,2021-02-15 02:58:19,-25.4,-70.4833,65.71,77,12,2.93,few clouds
433,Altamira,BR,2021-02-15 02:55:20,-3.2033,-52.2064,73.38,98,100,5.32,light rain
434,Hobyo,SO,2021-02-15 02:58:20,5.3505,48.5268,77.76,74,75,15.37,broken clouds
435,Tadine,NC,2021-02-15 02:58:20,-21.55,167.8833,84.2,65,4,3.58,clear sky
436,Los Llanos De Aridane,ES,2021-02-15 02:58:20,28.6585,-17.9182,63.0,82,0,9.22,clear sky
437,Asfi,MA,2021-02-15 02:58:20,32.2994,-9.2372,63.77,67,0,3.27,clear sky
438,Rio Gallegos,AR,2021-02-15 02:57:16,-51.6226,-69.2181,55.4,38,40,4.61,scattered clouds
439,Tsiroanomandidy,MG,2021-02-15 02:58:21,-18.7667,46.0333,66.38,95,100,2.77,overcast clouds
440,Portland,US,2021-02-15 02:55:57,45.5234,-122.6762,33.01,86,90,17.27,light rain
441,Macas,EC,2021-02-15 02:58:21,-2.3167,-78.1167,67.95,79,32,2.59,scattered clouds
442,Kurchum,KZ,2021-02-15 02:58:21,48.5722,83.6542,1.62,86,2,1.74,clear sky
443,Megion,RU,2021-02-15 02:58:21,61.0296,76.1136,10.4,85,90,13.42,snow
444,Tazovskiy,RU,2021-02-15 02:58:21,67.4667,78.7,-25.87,84,99,17.54,overcast clouds
445,Synya,RU,2021-02-15 02:58:22,65.3718,58.0387,-11.56,90,99,2.75,overcast clouds
446,Canakkale,TR,2021-02-15 02:58:22,40.0833,26.8333,30.2,74,90,17.27,snow
447,Baherden,TM,2021-02-15 02:54:27,38.4362,57.4316,50.79,47,74,5.48,broken clouds
448,Shelburne,CA,2021-02-15 02:58:22,44.0787,-80.2041,19.99,89,100,6.78,overcast clouds
449,Bo Phloi,TH,2021-02-15 02:58:22,14.3236,99.5161,87.01,42,91,4.97,overcast clouds
450,Tiksi,RU,2021-02-15 02:58:22,71.6872,128.8694,-19.41,88,100,4.99,overcast clouds
451,Clarence Town,AU,2021-02-15 02:58:23,-32.5833,151.7833,73.99,64,90,25.32,overcast clouds
452,Iqaluit,CA,2021-02-15 02:58:23,63.7506,-68.5145,-4.0,77,75,9.22,light snow
453,Port Antonio,JM,2021-02-15 02:58:23,18.18,-76.4612,80.6,69,20,20.71,few clouds
454,Diffa,NE,2021-02-15 02:58:23,13.3154,12.6113,69.71,21,0,9.35,clear sky
455,Rockport,US,2021-02-15 02:58:23,28.0206,-97.0544,30.2,93,90,25.32,overcast clouds
456,Kinkala,CG,2021-02-15 02:58:23,-4.3614,14.7644,77.0,83,40,4.88,light rain
457,Jiaohe,CN,2021-02-15 02:58:23,43.7286,127.3447,8.17,86,91,9.35,overcast clouds
458,Kolar,IN,2021-02-15 02:58:24,13.1333,78.1333,75.99,88,20,1.74,mist
459,Pottsville,US,2021-02-15 02:58:24,40.6857,-76.1955,30.99,82,100,4.0,overcast clouds
460,Ushtobe,KZ,2021-02-15 02:58:24,45.2514,77.9838,26.91,89,0,3.76,clear sky
461,Oktyabrskiy,RU,2021-02-15 02:58:24,54.4815,53.471,-2.81,91,89,9.46,overcast clouds
462,Malatya,TR,2021-02-15 02:58:24,38.5,38.0,37.4,87,0,3.44,clear sky
463,Nouadhibou,MR,2021-02-15 02:58:25,20.931,-17.0347,64.4,72,0,18.41,clear sky
464,Talara,PE,2021-02-15 02:58:25,-4.5772,-81.2719,74.25,83,86,11.72,overcast clouds
465,Morondava,MG,2021-02-15 02:55:23,-20.2833,44.2833,75.69,89,100,13.85,light rain
466,Port Hardy,CA,2021-02-15 02:58:25,50.6996,-127.4199,41.0,81,90,24.16,light rain
467,Matagami,CA,2021-02-15 02:58:25,49.7502,-77.6328,-12.28,90,54,3.09,broken clouds
468,Constantine,DZ,2021-02-15 02:57:44,36.365,6.6147,37.4,93,75,4.61,broken clouds
469,Touros,BR,2021-02-15 02:58:25,-5.1989,-35.4608,78.8,83,20,6.91,few clouds
470,Ahipara,NZ,2021-02-15 02:58:26,-35.1667,173.1667,75.45,71,84,21.16,broken clouds
471,Norton,ZW,2021-02-15 02:55:27,-17.8833,30.7,66.0,84,81,5.01,broken clouds
472,Karratha,AU,2021-02-15 02:58:26,-20.7377,116.8463,87.28,52,92,5.53,overcast clouds
473,Auki,SB,2021-02-15 02:58:26,-8.7676,160.7034,85.14,68,60,7.38,heavy intensity rain
474,Hay River,CA,2021-02-15 02:58:26,60.8156,-115.7999,3.2,66,0,4.61,clear sky
475,Fougamou,GA,2021-02-15 02:58:27,-1.2154,10.5838,73.9,95,100,1.57,light rain
476,Tubmanburg,LR,2021-02-15 02:58:27,6.8708,-10.8172,75.06,97,27,1.68,scattered clouds
477,Vlasikha,RU,2021-02-15 02:58:27,53.2972,83.5742,15.8,73,75,13.42,broken clouds
478,Sola,VU,2021-02-15 02:58:27,-13.8833,167.55,82.38,80,52,12.01,broken clouds
479,Kropotkin,RU,2021-02-15 02:58:27,45.4375,40.5756,28.0,91,100,6.35,snow
480,Kieta,PG,2021-02-15 02:58:28,-6.2167,155.6333,84.47,75,83,8.3,light rain
481,Kokstad,ZA,2021-02-15 02:54:08,-30.5472,29.4241,64.11,94,100,1.66,light rain
482,Lydenburg,ZA,2021-02-15 02:58:28,-25.0978,30.4597,71.01,97,99,1.99,overcast clouds
483,Kendari,ID,2021-02-15 02:58:28,-3.945,122.4989,87.91,57,100,4.29,overcast clouds
484,Vila Franca Do Campo,PT,2021-02-15 02:58:28,37.7167,-25.4333,60.8,77,40,28.77,scattered clouds
485,Ayolas,PY,2021-02-15 02:58:28,-27.4,-56.9,75.56,67,78,4.81,broken clouds
486,Mehamn,NO,2021-02-15 02:58:29,71.0357,27.8492,24.22,96,100,7.81,overcast clouds
487,Baykit,RU,2021-02-15 02:58:29,61.67,96.37,-25.98,78,0,1.48,clear sky
488,Tibiri,NE,2021-02-15 02:58:29,13.5627,7.0485,70.77,21,0,9.22,clear sky
489,Smyrna,US,2021-02-15 02:58:06,33.884,-84.5144,44.6,100,90,6.91,mist
490,Sumenep,ID,2021-02-15 02:58:29,-7.0167,113.8667,80.94,77,100,4.45,overcast clouds
491,Yar-Sale,RU,2021-02-15 02:58:29,66.8333,70.8333,-22.54,86,100,17.22,light snow
492,Murakami,JP,2021-02-15 02:58:29,38.2333,139.4833,44.6,100,75,6.91,light rain
493,Santa Cruz Do Sul,BR,2021-02-15 02:55:26,-29.7175,-52.4258,69.01,98,23,1.01,few clouds
494,Karasjok,NO,2021-02-15 02:58:30,69.4719,25.5112,33.8,80,90,25.32,light rain
495,Yunyang,CN,2021-02-15 02:54:21,33.4474,112.7142,47.5,51,100,13.33,light rain
496,Formosa,AR,2021-02-15 02:56:53,-26.1775,-58.1781,77.0,88,0,5.75,clear sky
497,Ingham,US,2021-02-15 02:58:30,42.6,-84.3833,14.0,67,90,8.05,overcast clouds
498,Pochutla,MX,2021-02-15 02:58:31,15.7432,-96.4661,77.0,41,1,17.27,clear sky
499,Muli,MV,2021-02-15 02:58:31,2.9167,73.5667,81.77,71,100,10.54,overcast clouds
500,Koshurnikovo,RU,2021-02-15 02:58:31,54.1667,93.3,13.8,98,100,1.92,light snow
501,Albanel,CA,2021-02-15 02:58:31,48.8832,-72.4487,6.8,78,88,1.14,overcast clouds
502,Tawang,IN,2021-02-15 02:58:31,27.5833,91.8667,42.03,64,49,3.31,scattered clouds
503,Ormara,PK,2021-02-15 02:58:32,25.2088,64.6357,70.23,59,0,6.02,clear sky
504,Chabahar,IR,2021-02-15 02:58:32,25.2919,60.643,68.86,72,0,10.2,clear sky
505,Boralday,KZ,2021-02-15 02:58:32,43.3578,76.8594,26.6,100,90,4.47,fog
506,Duekoue,CI,2021-02-15 02:58:32,6.7472,-7.3496,73.53,96,6,3.2,clear sky
507,Mangrol,IN,2021-02-15 02:58:33,21.1167,70.1167,67.66,80,0,6.62,clear sky
508,Madaoua,NE,2021-02-15 02:58:33,14.073,5.96,71.98,20,0,8.81,clear sky
509,Wewak,PG,2021-02-15 02:58:33,-3.5534,143.6268,80.17,83,100,8.05,heavy intensity rain
510,Kiama,AU,2021-02-15 02:58:33,-34.6833,150.8667,73.4,46,75,21.85,broken clouds
511,Te Anau,NZ,2021-02-15 02:58:33,-45.4167,167.7167,66.51,55,6,5.59,clear sky
512,Okha,RU,2021-02-15 02:58:34,53.5739,142.9478,11.88,93,62,7.56,broken clouds
513,Kununurra,AU,2021-02-15 02:53:53,-15.7667,128.7333,87.8,89,75,10.36,broken clouds
514,Kaka,TM,2021-02-15 02:58:34,37.3482,59.6143,48.34,51,0,5.64,clear sky
515,Kisangani,CD,2021-02-15 02:55:02,0.5167,25.2,73.54,84,100,2.98,overcast clouds
516,Ketchikan,US,2021-02-15 02:58:34,55.3422,-131.6461,33.8,93,90,4.99,snow
517,Oktyabrskoye,RU,2021-02-15 02:58:34,43.0645,44.7417,28.4,93,41,8.95,scattered clouds
518,Lithakia,GR,2021-02-15 02:58:35,37.7167,20.8333,39.2,87,44,3.44,scattered clouds
519,Cabo San Lucas,MX,2021-02-15 02:57:08,22.8909,-109.9124,68.0,77,20,21.85,few clouds
520,Plover,US,2021-02-15 02:58:35,44.4564,-89.544,-7.6,49,1,5.75,clear sky
521,Tambopata,PE,2021-02-15 02:58:35,-12.7333,-69.1833,72.25,99,100,1.39,overcast clouds
522,Skanderborg,DK,2021-02-15 02:58:35,56.0399,9.9272,30.0,73,100,7.0,overcast clouds
523,Boguchany,RU,2021-02-15 02:58:35,58.3814,97.4531,-18.51,84,0,1.28,clear sky
524,Brownsville,US,2021-02-15 02:54:51,25.9018,-97.4975,35.6,87,90,20.71,overcast clouds
525,Sosnovo-Ozerskoye,RU,2021-02-15 02:58:36,52.5249,111.5418,-7.89,88,100,4.45,overcast clouds
526,Samana,DO,2021-02-15 02:58:36,19.2056,-69.3369,74.8,84,3,10.2,clear sky
527,Ciudad Guayana,VE,2021-02-15 02:58:36,8.3533,-62.6528,75.99,90,37,3.0,scattered clouds
528,Gambela,ET,2021-02-15 02:58:36,8.25,34.5833,77.79,23,55,3.18,broken clouds
529,Cutlerville,US,2021-02-15 02:58:36,42.8409,-85.6636,10.99,79,90,10.36,light snow
530,Rabo De Peixe,PT,2021-02-15 02:58:36,37.8,-25.5833,60.8,77,40,28.77,scattered clouds
531,Bud,US,2021-02-15 02:58:36,39.447,-86.1758,12.99,83,100,12.1,overcast clouds
532,Maningrida,AU,2021-02-15 02:58:37,-12.0667,134.2667,85.86,70,81,7.81,broken clouds
533,Novoseleznevo,RU,2021-02-15 02:58:37,55.6821,69.2056,11.01,93,20,11.59,few clouds
534,Vesyegonsk,RU,2021-02-15 02:58:37,58.664,37.2604,-11.88,89,6,5.91,clear sky
535,Uni,RU,2021-02-15 02:58:37,57.7535,51.4923,-0.44,93,96,8.61,overcast clouds
536,Kenai,US,2021-02-15 02:58:37,60.5544,-151.2583,24.01,53,1,12.66,clear sky
537,Wangou,CN,2021-02-15 02:58:38,42.0623,126.9127,7.36,91,100,8.39,overcast clouds
538,Karaton,ID,2021-02-15 02:58:38,-6.3424,106.1045,81.0,83,75,2.3,broken clouds
539,Gorontalo,ID,2021-02-15 02:54:40,0.5412,123.0595,86.88,64,98,6.06,moderate rain
540,San Andres,CO,2021-02-15 02:57:14,12.5847,-81.7006,78.8,83,40,2.3,scattered clouds
541,Filadelfia,US,2021-02-15 02:57:01,39.9523,-75.1638,36.0,75,90,4.61,overcast clouds
542,Mount Isa,AU,2021-02-15 02:58:39,-20.7333,139.5,89.6,51,90,8.05,overcast clouds
543,Ylivieska,FI,2021-02-15 02:58:39,64.0833,24.55,10.99,91,6,5.95,clear sky
544,Dolores,AR,2021-02-15 02:58:39,-36.3132,-57.6792,66.09,93,99,6.33,moderate rain
545,Anastasiyevskaya,RU,2021-02-15 02:58:39,45.2158,37.8926,23.0,63,100,15.66,light snow
546,Thunder Bay,CA,2021-02-15 02:58:39,48.4001,-89.3168,-13.0,64,1,4.61,clear sky
547,Lagoa,PT,2021-02-15 02:58:39,39.05,-27.9833,53.15,66,100,35.32,overcast clouds
548,Dudinka,RU,2021-02-15 02:58:40,69.4058,86.1778,-32.94,82,0,4.59,clear sky
549,Broome,US,2021-02-15 02:58:40,42.2506,-75.833,19.4,73,1,4.61,clear sky
550,Basoko,CD,2021-02-15 02:58:40,1.2391,23.616,75.42,73,100,1.57,overcast clouds
551,Qianguo,CN,2021-02-15 02:58:40,45.1171,124.8568,2.12,90,19,8.28,few clouds
552,Churapcha,RU,2021-02-15 02:58:40,62.0025,132.4325,-13.11,86,100,4.41,overcast clouds
553,Kotido,UG,2021-02-15 02:58:41,2.9806,34.1331,69.06,56,74,6.11,broken clouds
554,Tipitapa,NI,2021-02-15 02:58:41,12.1973,-86.0971,80.6,61,20,6.91,few clouds
555,Tilichiki,RU,2021-02-15 02:58:41,60.4667,166.1,1.27,93,100,10.0,overcast clouds
556,Simao,CN,2021-02-15 02:58:41,22.7886,100.9748,68.9,49,0,3.13,clear sky
557,Lastoursville,GA,2021-02-15 02:58:41,-0.8143,12.7287,73.13,93,100,2.21,overcast clouds
558,Pascagoula,US,2021-02-15 02:58:42,30.3658,-88.5561,44.6,81,90,10.36,overcast clouds
559,Bereda,ES,2021-02-15 02:58:42,43.2686,-7.5406,60.01,55,0,13.8,clear sky
560,Salalah,OM,2021-02-15 02:55:33,17.0151,54.0924,66.2,48,0,4.61,clear sky
561,Gizo,SB,2021-02-15 02:58:42,-8.103,156.8419,85.01,70,98,7.47,light rain
562,Nelson Bay,AU,2021-02-15 02:58:42,-32.7167,152.15,71.6,64,90,25.32,overcast clouds
563,Zaozerne,UA,2021-02-15 02:58:42,45.1582,33.2787,23.0,53,64,5.01,broken clouds
564,Homer,US,2021-02-15 02:58:43,59.6425,-151.5483,37.4,60,90,4.61,overcast clouds
565,Pangnirtung,CA,2021-02-15 02:58:43,66.1451,-65.7125,-17.9,78,92,3.83,overcast clouds
566,Mandalay,MM,2021-02-15 02:58:43,21.9747,96.0836,71.6,43,0,3.44,clear sky
567,Salinas,US,2021-02-15 02:55:12,36.6777,-121.6555,55.4,58,90,6.91,overcast clouds
568,Mackay,AU,2021-02-15 02:58:43,-21.15,149.2,87.8,58,75,10.36,broken clouds
569,Saint-Junien,FR,2021-02-15 02:58:44,45.8833,0.9,39.0,75,0,11.5,clear sky
570,Creston,US,2021-02-15 02:58:44,41.0586,-94.3614,-9.4,70,90,11.5,light snow
571,Bata,GQ,2021-02-15 02:58:44,1.8639,9.7658,78.91,86,100,6.08,light rain
572,Beinamar,TD,2021-02-15 02:58:44,8.6698,15.3813,70.54,22,0,3.18,clear sky
573,Andenes,NO,2021-02-15 02:58:44,69.3143,16.1194,35.6,87,90,12.66,overcast clouds
574,Belmonte,BR,2021-02-15 02:58:44,-15.8631,-38.8828,75.2,78,20,3.44,few clouds
575,Durban,ZA,2021-02-15 02:55:14,-29.8579,31.0292,78.01,94,0,2.3,light rain
576,Siuna,NI,2021-02-15 02:58:45,13.7332,-84.7773,70.75,89,0,2.71,clear sky
577,Ibra,OM,2021-02-15 02:58:45,22.6906,58.5334,58.33,81,0,2.42,clear sky
578,Slave Lake,CA,2021-02-15 02:58:45,55.2834,-114.769,-4.0,65,90,21.85,overcast clouds
579,Lufkin,US,2021-02-15 02:58:45,31.3382,-94.7291,26.6,93,90,11.5,mist
580,Antalaha,MG,2021-02-15 02:58:45,-14.9003,50.2788,74.44,88,81,2.46,broken clouds
581,Narsaq,GL,2021-02-15 02:58:46,60.9167,-46.05,30.2,74,75,4.61,broken clouds
582,Mogadishu,SO,2021-02-15 02:58:46,2.0371,45.3438,75.96,83,57,16.11,broken clouds
583,Punta Cardon,VE,2021-02-15 02:58:46,11.6581,-70.215,77.34,80,19,24.92,few clouds
584,Vostok,RU,2021-02-15 02:58:46,46.4856,135.8833,12.92,96,100,5.46,light snow
585,Omsukchan,RU,2021-02-15 02:58:46,62.5333,155.8,-20.72,83,2,4.14,clear sky
586,Chicama,PE,2021-02-15 02:58:47,-7.8447,-79.1469,74.35,68,26,5.91,scattered clouds
587,Horsham,GB,2021-02-15 02:58:48,51.064,-0.3272,46.99,93,75,4.61,broken clouds
588,Pontiac,US,2021-02-15 02:58:12,42.6389,-83.2911,15.8,67,90,6.91,overcast clouds
589,Petropavlovsk-Kamchatskiy,RU,2021-02-15 02:58:48,53.0452,158.6483,21.2,58,75,13.42,broken clouds
590,Benguela,AO,2021-02-15 02:58:48,-12.5763,13.4055,72.07,78,80,2.73,broken clouds
591,Cervo,ES,2021-02-15 02:58:48,43.6702,-7.4101,55.8,67,100,5.03,overcast clouds
592,Gornopravdinsk,RU,2021-02-15 02:58:49,60.05,69.9,3.29,93,100,9.4,overcast clouds
593,Dingle,PH,2021-02-15 02:58:49,10.9995,122.6711,78.85,85,99,8.52,light rain
594,Fuyu,CN,2021-02-15 02:58:49,45.1833,124.8167,2.05,90,13,8.19,few clouds
595,Alofi,NU,2021-02-15 02:58:49,-19.0595,-169.9187,86.0,70,75,12.66,broken clouds
596,Saqqez,IR,2021-02-15 02:58:49,36.2499,46.2735,35.85,72,0,3.29,clear sky
597,Bagrami,AF,2021-02-15 02:58:50,34.4938,69.2743,37.4,38,0,8.05,clear sky
598,Amga,RU,2021-02-15 02:58:50,60.8953,131.9608,-9.29,87,100,3.33,overcast clouds
599,Laguna,US,2021-02-15 02:58:50,38.421,-121.4238,51.01,81,100,1.01,overcast clouds
600,Moroni,KM,2021-02-15 02:58:50,-11.7022,43.2551,80.94,74,66,12.12,broken clouds
601,Talcahuano,CL,2021-02-15 02:55:15,-36.7167,-73.1167,60.8,67,0,13.8,clear sky
602,Bontang,ID,2021-02-15 02:58:50,0.1333,117.5,83.75,66,99,5.01,overcast clouds
603,Torbay,CA,2021-02-15 02:58:50,47.6666,-52.7314,23.0,86,90,11.5,overcast clouds
604,Aberdeen,GB,2021-02-15 02:57:15,57.1437,-2.0981,39.2,100,29,8.05,scattered clouds
605,Labuan,MY,2021-02-15 02:58:51,5.2767,115.2417,75.2,94,40,4.61,scattered clouds
606,Namibe,AO,2021-02-15 02:58:51,-15.1961,12.1522,71.73,85,42,9.4,scattered clouds
607,Harwich,GB,2021-02-15 02:58:51,51.9419,1.2844,39.0,83,100,8.01,overcast clouds
608,Brownwood,US,2021-02-15 02:58:51,31.7093,-98.9912,6.8,78,90,18.41,overcast clouds
609,Kismayo,SO,2021-02-15 02:58:51,-0.3582,42.5454,75.38,86,8,13.6,clear sky
610,Teahupoo,PF,2021-02-15 02:58:52,-17.8333,-149.2667,84.2,70,40,12.66,moderate rain
611,Pyay,MM,2021-02-15 02:58:52,18.8167,95.2167,76.91,39,0,2.75,clear sky
612,Mbandaka,CD,2021-02-15 02:58:52,0.0487,18.2603,73.89,88,91,2.75,light rain
613,Manzanillo,CU,2021-02-15 02:58:52,20.3433,-77.1167,74.62,74,0,2.75,clear sky
614,Susaki,JP,2021-02-15 02:58:52,33.3667,133.2833,66.2,59,40,16.11,scattered clouds
615,Basco,PH,2021-02-15 02:58:53,20.4487,121.9702,72.95,64,0,8.32,clear sky
616,Ovalle,CL,2021-02-15 02:58:53,-30.5983,-71.2003,59.2,76,0,1.74,clear sky
617,Henties Bay,NA,2021-02-15 02:58:53,-22.116,14.2845,63.27,86,15,5.32,few clouds
618,Turukhansk,RU,2021-02-15 02:58:53,65.8167,87.9833,-27.49,78,30,12.33,scattered clouds
619,San Carlos,VE,2021-02-15 02:58:53,9.6612,-68.5827,75.72,74,31,4.34,scattered clouds
620,Comodoro Rivadavia,AR,2021-02-15 02:56:57,-45.8667,-67.5,57.2,62,20,9.22,few clouds
621,Puerto Suarez,BO,2021-02-15 02:58:54,-18.95,-57.8,76.21,85,43,0.96,scattered clouds
622,Jalu,LY,2021-02-15 02:58:54,29.0331,21.5482,53.04,85,0,8.7,clear sky
623,Fomboni,KM,2021-02-15 02:58:54,-12.28,43.7425,83.14,81,46,20.85,scattered clouds
624,Mhlume,SZ,2021-02-15 02:58:54,-26.0333,31.85,72.0,97,97,4.85,overcast clouds
625,Bani Walid,LY,2021-02-15 02:58:54,31.7566,13.9942,48.49,79,58,20.42,broken clouds
626,Kotka,FI,2021-02-15 02:58:55,60.4664,26.9458,10.4,85,90,5.75,light snow
627,Saint George,US,2021-02-15 02:58:55,37.1041,-113.5841,45.0,36,1,9.22,clear sky
628,Nuevo Ideal,MX,2021-02-15 02:58:55,24.8875,-105.0728,45.84,53,48,8.84,scattered clouds
629,Port Augusta,AU,2021-02-15 02:57:56,-32.5,137.7667,90.0,47,0,9.22,clear sky
630,Ilam,NP,2021-02-15 02:58:56,26.9167,87.9167,63.0,49,0,2.66,clear sky
631,Wainwright,CA,2021-02-15 02:58:22,52.839,-110.8572,-11.2,70,96,9.22,overcast clouds
632,Nogales,MX,2021-02-15 02:58:56,31.3086,-110.9422,51.01,23,1,5.75,clear sky
633,Vicuna,CL,2021-02-15 02:58:56,-30.0319,-70.7081,60.8,88,40,8.05,scattered clouds
634,Rafai,CF,2021-02-15 02:58:56,4.95,23.9167,69.73,38,92,1.86,overcast clouds
635,Garissa,KE,2021-02-15 02:54:10,-0.4536,39.6401,73.92,80,86,6.11,overcast clouds
636,Korla,CN,2021-02-15 02:58:56,41.7597,86.1469,39.51,63,10,2.28,clear sky
637,Bolobo,CD,2021-02-15 02:58:57,-2.1667,16.2333,73.35,89,100,1.34,overcast clouds
638,Panama City,PA,2021-02-15 02:58:57,8.9936,-79.5197,80.6,74,75,5.75,broken clouds
639,Puerto Del Rosario,ES,2021-02-15 02:58:57,28.5004,-13.8627,64.4,82,90,8.05,overcast clouds
640,Antofagasta,CL,2021-02-15 02:58:57,-23.65,-70.4,68.0,68,0,3.44,clear sky
641,Kresttsy,RU,2021-02-15 02:58:57,58.2452,32.5165,-8.25,91,51,4.47,broken clouds
642,Emerald,AU,2021-02-15 02:58:58,-23.5333,148.1667,87.8,51,40,10.36,scattered clouds
643,Zemio,CF,2021-02-15 02:58:58,5.0314,25.1361,66.4,38,71,0.63,broken clouds
644,Dunyapur,PK,2021-02-15 02:58:58,29.7995,71.7196,53.6,87,0,0.29,mist
645,Jiexiu,CN,2021-02-15 02:58:58,37.0244,111.9125,36.61,48,0,11.63,clear sky
646,San Rafael,AR,2021-02-15 02:58:59,-34.6177,-68.3301,71.83,40,93,12.44,overcast clouds
647,Puerto Leguizamo,CO,2021-02-15 02:58:59,-0.1934,-74.7819,77.13,82,44,2.93,scattered clouds
648,Balkhash,KZ,2021-02-15 02:58:59,46.844,74.9804,8.6,85,0,15.66,clear sky
649,Ouesso,CG,2021-02-15 02:58:59,1.6136,16.0517,73.44,83,100,1.52,light rain
650,Pahrump,US,2021-02-15 02:55:35,36.2083,-115.9839,53.01,24,88,1.99,overcast clouds
651,Concepcion Del Uruguay,AR,2021-02-15 02:59:00,-32.4825,-58.2372,73.99,79,5,3.56,clear sky
652,Ikom,NG,2021-02-15 02:54:09,5.9667,8.7063,74.26,95,2,1.1,clear sky
653,Tshikapa,CD,2021-02-15 02:59:00,-6.4167,20.8,71.28,91,100,1.99,overcast clouds
654,Campo Largo,BR,2021-02-15 02:59:00,-25.4586,-49.5283,64.99,99,1,1.01,clear sky
655,Beidao,CN,2021-02-15 02:59:00,34.5686,105.8933,41.68,57,100,3.96,overcast clouds
656,Nizhnevartovsk,RU,2021-02-15 02:59:00,60.9344,76.5531,10.4,85,90,13.42,snow
657,Ugoofaaru,MV,2021-02-15 02:59:01,5.6667,73.0,80.82,64,91,6.04,overcast clouds
658,Biak,ID,2021-02-15 02:59:01,-0.9131,122.8766,84.52,67,94,0.81,overcast clouds
659,Vallenar,CL,2021-02-15 02:54:41,-28.5708,-70.7581,61.45,70,0,1.81,clear sky
660,Mundra,IN,2021-02-15 02:59:01,22.85,69.7333,66.38,82,0,5.5,clear sky
661,Port Keats,AU,2021-02-15 02:59:01,-14.25,129.55,91.11,61,99,3.29,overcast clouds
662,Mehran,IR,2021-02-15 02:59:01,33.1222,46.1646,41.0,56,0,2.3,clear sky
663,Abalak,RU,2021-02-15 02:59:02,58.1286,68.5944,6.46,96,46,5.46,scattered clouds
664,Sandnessjoen,NO,2021-02-15 02:59:02,66.0217,12.6316,33.8,51,0,16.11,clear sky
665,Wajima,JP,2021-02-15 02:59:02,37.4,136.9,46.4,100,90,5.75,moderate rain
666,Leh,IN,2021-02-15 02:59:02,34.1667,77.5833,9.05,74,52,1.83,broken clouds
667,Roma,US,2021-02-15 02:59:03,43.2128,-75.4557,23.0,74,90,2.53,overcast clouds
668,Havre-Saint-Pierre,CA,2021-02-15 02:59:03,50.2334,-63.5986,10.4,85,75,3.44,broken clouds
669,Sagua La Grande,CU,2021-02-15 02:59:03,22.8067,-80.0756,75.2,78,4,3.44,light rain
670,Northam,GB,2021-02-15 02:59:03,51.0333,-4.2167,48.0,95,100,4.0,overcast clouds
671,Marsa Matruh,EG,2021-02-15 02:54:09,31.3525,27.2453,50.0,76,0,4.61,clear sky
672,Massaguet,TD,2021-02-15 02:59:04,12.4755,15.4365,68.0,40,0,3.44,clear sky
673,Harlingen,US,2021-02-15 02:59:04,26.1906,-97.6961,32.0,93,90,26.46,overcast clouds
674,Luganville,VU,2021-02-15 02:59:04,-15.5333,167.1667,85.01,73,48,4.74,moderate rain
675,Gweta,BW,2021-02-15 02:59:04,-20.1833,25.2333,73.72,79,100,4.99,overcast clouds
676,Marabba,SD,2021-02-15 02:59:04,12.35,32.1833,73.04,22,0,11.34,clear sky
677,Road Town,VG,2021-02-15 02:58:42,18.4167,-64.6167,78.01,85,11,5.01,few clouds
678,Khandyga,RU,2021-02-15 02:59:05,62.6667,135.6,-9.08,88,98,2.46,overcast clouds
679,Elliot,ZA,2021-02-15 02:59:05,-31.3333,27.85,61.16,95,97,4.27,light rain
680,Chateaubelair,VC,2021-02-15 02:59:05,13.2833,-61.25,78.8,78,20,19.57,few clouds
681,Mari-Turek,RU,2021-02-15 02:59:05,56.7895,49.6235,-5.37,91,93,7.56,overcast clouds
682,Yako,BF,2021-02-15 02:59:05,12.9667,-2.2667,76.6,17,0,9.01,clear sky
